type,meter_number,mpan_top,mpar,serial_number
elec,2000053110524,03801127,,E11Z97035
elec,2000000159177,03801126,,L07C37341
gas,,,49673706,E016K1438315D6
elec,2000002074143,03801126,,E10Z07945
gas,,,60294204,819897
gas,,,5024286309,E016K1588315D6
elec,1012856538858,03801201,,E13Z017908
gas,,,3319915406,07509928
elec,1200039354052,03801952,,E12Z105046
elec,1200039353981,03801952,,E12Z074360
elec,2000000959920,03801126,,S73C16005
gas,,,11962205,E025K0678215D6
elec,2000005640010,03801127,,E12Z005685
elec,1013061781652,04811205,,Z99E005398
elec,2000001479369,03801127,,E14Z047841
gas,,,3366248408,G4A06208390001
elec,1012398321580,03801201,,Z03E029135
elec,2000001834521,03801127,,E12Z070407
gas,,,5044666500,E6E01978499601
elec,2000001976379,03801127,,E12Z016905
gas,,,9219966600,M016A0004016A6
gas,,,8855927909,80008259
elec,2000051953094,00845453,,E13Z061988
elec,2000027533900,03801127,,E14Z009937
elec,2000054625922,03801127,,L07C37456
elec,2000000026608,03801126,,S69C00892
gas,,,9325841202,M016K0075113D6
elec,1200061378313,00900200,,213012793
elec,2000002131396,04108136,,217213483
gas,,,9308307005,4200831S
gas,,,89447800,M025K0417515D6
gas,,,60639807,E016K0044719D6
elec,2000008877967,03801H03,,E13Z038545
gas,,,49686300,M025A0114103A6
elec,2000002153210,03801126,,A10X079156
gas,,,8823553304,M016A0834810A6
gas,,,60294810,R040U1379995D6
gas,,,608247601,714
elec,1900017020500,03801320,,D0337047
gas,,,8818817601,G4K00209941501
elec,2000055173172,03801H08,,219032934
elec,2000003666763,00900457,,218480034
gas,,,8450622810,E6E00995289503
elec,1200060023857,03801952,,K12A000096
elec,1012844589204,03801201,,E12Z031478
elec,2000001936881,03801126,,E10BG55087
elec,1100013006997,04808N13,,E17BG04192
elec,2000001001793,03801126,,E10Z08061
gas,,,9374796810,E025K0423118D6
elec,2000057172542,00845453,,K17C00953
gas,,,3333183900,02500035
elec,1610030458440,03801631,,E11UP00122
elec,2000000906246,04065129,,H03C36688
gas,,,5026811806,G4K00373331401
elec,2000000046561,03801127,,D08C67658
elec,2000001776126,04108136,,E17UP08846
elec,2000050637890,03801126,,F99C64235
elec,1200021596102,03801956,,L69A 03230
elec,2000051730847,03801126,,D02C40002
elec,2000002077144,03801126,,D15R64812
elec,1200039354025,03801952,,E13Z031073
gas,,,2178790410,0000378
elec,2000001832979,03801127,,P06C10427
elec,2000002074269,03801127,,E14Z047971
gas,,,60294709,M040K0141909D6
gas,,,9116652509,M016A0224216A6
gas,,,9082869505,G4A50089901501
elec,2000001976360,03801126,,E12Z091634
gas,,,4195388510,0103872
elec,2200013108622,03801110,,
elec,1900070436985,00845550,,211237434
elec,1100018471861,04807037,,Z05FF08204
elec,2000000645097,03801127,,E14Z040585
gas,,,61782200,M025A0381011D6
elec,1200021863045,00808009,,E19Z004353
elec,2000000001418,04108136,,D00C88389
elec,1160001473998,03801013,,K10W572745
gas,,,60492208,M040K0334115D6
elec,2000002998666,03801126,,S04C34240
elec,1900060571376,03801320,,L8548451
gas,,,20071709,M160K0413615D7
elec,2000057107446,03801100,,D15R12113
elec,1900037389019,04811120,,L8303134
gas,,,8851426103,M016A0796611A6
elec,2000002926262,03801126,,E14UP05946
elec,1012996742940,03801202,,16P2077510
elec,1012410481683,04142205,,Z05E031143
elec,2000053857085,03802127,,P05C05318
elec,2000000884372,03801127,,S88C98683
gas,,,3338946009,M016K0539012D6
elec,2000002910652,03801127,,215037205
gas,,,3920357603,E6S03289401256
elec,1460001916044,04811011,,D07W520835
elec,2000000849020,03801126,,E14UP02929
elec,1023545902327,00845200,,K15W304753
elec,2000050351033,03801127,,S81C80593
gas,,,3354457603,M016A0111700A6
elec,2000002126971,03801126,,N54C13384
elec,1012501194831,03801201,,I05EA01967
elec,2000050637881,03801126,,
gas,,,60516701,G4K00039401401
gas,,,9187221810,G4W00965591002
elec,2000055663450,00900457,,E12UP02599
elec,1100024524383,04811037,,E12Z062235
elec,2000003668487,03801126,,S88C84910
elec,2200021034170,03801110,,A08X138693
elec,2000002910634,03801126,,K94C55499
gas,,,2961701501,0036878
gas,,,2962338502,G4K80296370501
gas,,,3384935306,G4K00258101701
gas,,,18100309,E016K0066917D6
elec,2000002050300,03801126,,F99C37131
gas,,,2958005802,568593
gas,,,2958005802,568593
gas,,,8821263700,G4K00257141401
gas,,,7676165307,839144
elec,2000051769862,00845453,,P12C00165
gas,,,3346069800,G4K00153621401
gas,,,9353761706,M016K0220716D6
elec,1012853230769,03801201,,L97E01263
elec,1200038409028,03801952,,L78A 00395
elec,1030083274267,03801003,,D12C06002
elec,1300012579648,03801201,,N408J11035
gas,,,49622509,M025A0671310D6
elec,2000002050356,03801127,,S04R37811
gas,,,9338457503,M16K0531914D6
gas,,,53669208,G4A03412470501
gas,,,3927770400,0073898
elec,1200020297356,03801952,,E12Z049218
gas,,,1451181608,0251720S
gas,,,3319915103,
gas,,,3319915608,00184180
gas,,,60626001,M040K0229814D6
gas,,,3374449908,05000462
elec,2000003148406,03801126,,Z05SP21477
gas,,,9297803,M016A0336814A6
elec,1012392108369,03136237,,E12Z101134
gas,,,8815300301,0606524
elec,2000027321159,00845453,,217378324
gas,,,8883463407,G4A02113170001
elec,1200021861526,04807956,,L76A 00641
elec,2000000006267,03801126,,L03C14517
elec,1015679191779,03801239,,E11Z72310
elec,1100039661347,00845058,,K9400809
elec,1900005016904,00845550,,E06BG05560
gas,,,60424505,8022951S
elec,2000002120000,04044130,,E12TB00209
elec,1200051718934,03801952,,K92A 01891
gas,,,3357687209,G4K80494300701
elec,2000027291318,03105134,,P06C01111
elec,2000010539164,03801126,,S07R57876
gas,,,2974319907,G4K00157201601
gas,,,2972750110,G4K00342841401
elec,1012998461271,03801201,,E11BG28121
elec,1900033112482,03801204,,E14Z045117
elec,2000001011764,03801126,,V99C81392
gas,,,8848989402,G4K21145571001
elec,1200061033191,03801952,,
gas,,,2545983809,G4P71072281600
elec,1414815611000,03801001,,GP7106416
elec,2000050658989,03801127,,K96C09150
gas,,,3338953309,8005946S
gas,,,4228176104,G4K64137250513
elec,2000004075469,03801H07,,L78C71831
gas,,,2965201905,E6E02233450008
gas,,,9345634209,M025K0333615D6
elec,2000027303568,00900457,,E12BG14436
elec,1200061888563,03801952,,K14A007164
elec,2000050496500,03801127,,L84C68714
elec,1200031356451,03801952,,A13LB37899
elec,1100039644820,03801013,,E12Z115213
gas,,,3309273902,M016A0279909A6
elec,1200032545072,03801952,,E05X017235
gas,,,85641102,8022568S
elec,1012405238371,04139248,,E12Z149193
elec,2000002152712,03801100,,E14Z025647
elec,1200028147300,03801952,,L84A 17022
elec,1012842964940,03801201,,Z03E175952
elec,2000027745917,03801127,,215121304
gas,,,609326209,G4K67091360614
elec,2000000826111,01801100,,L90C55496
gas,,,8813576804,G4K50306281101
elec,2000056426882,03801126,,E14ML21030
elec,2200015517094,03801110,,D13D22678
elec,1200028573964,03801952,,210203004
gas,,,9357981707,E016K0390117D6
elec,1200031271514,03801952,,D09C00290
elec,2000002073896,03801126,,E11UP01234
gas,,,3357001608,G4A00827661201
gas,,,3080416610,G4A00335070501
elec,2000053797550,03801H07,,P06C09678
elec,1800020686598,03801201,,E12Z053167
elec,2000027290555,00845453,,08C00912
elec,2000001838386,03801120,,S81C60042
gas,,,85642306,G4K00142081701
elec,2200014894724,04874210,,214672737
gas,,,3339643703,00833721
gas,,,3336039706,06340781
gas,,,73860401,CD35097
elec,2333691721718,03801240,,E18UP14878
elec,1200028060625,03801952,,A10LB08791
elec,2200014895027,03801110,,K72D06767
elec,2000003029977,03801127,,E12Z013458
elec,1100013358744,03801013,,F01FC00253
gas,,,3340057504,G4K65894660612
gas,,,606343710,M016K0134914D6
elec,2000000727980,03801126,,S74C01720
elec,2000005604555,01801100,,
gas,,,77737602,G4K00358781701
elec,2000002152493,03107134,,P05C04678
elec,2200042474607,03801110,,214662114
elec,2000022352384,03801127,,L07C37874
elec,2000022352427,04518142,,D08C59018
gas,,,8930968309,M025K0048213D6
elec,1012394000807,04807205,,E10TD01216
elec,1100013358708,03801013,,F01FC00243
elec,1200031779445,03801953,,K12A000570
elec,1100022793021,04811037,,K84FB01822
gas,,,8816288410,7067248
elec,2000027490390,00845453,,K11W576597
gas,,,3330913009,04132213
elec,2000005531297,03801100,,K69C10884
elec,1414501451003,01801001,,
gas,,,9119709202,G4A50226830501
gas,,,3375202306,G4K00212650101
elec,2000004688340,03801H01,,L03C18255
elec,1012583299083,04811205,,E17UP24580
gas,,,5059437101,G4K00040951501
gas,,,3358664909,00574835
elec,2000001014064,03801127,,L73C04636
elec,2000005706131,03801126,,E12Z033323
elec,2200010412068,03801110,,K11D00616
elec,1200022523531,03801952,,E16BG14151
gas,,,9381450102,E025K0356719D6
elec,2000057559671,03801H07,,19095369
elec,2000002557585,03801126,,D09R03328
elec,2500001136730,03801003,,E13D01829
elec,1100015424993,04817037,,E10BG26647
gas,,,8866595809,G4A00648459901
elec,2000027535066,04108136,,D03C33997
elec,2000053513060,03801127,,S05R02515
elec,1200052417551,00900009,,216849615
gas,,,2739860900,G4K00280181601
gas,,,3294728008,G4K00193341601
elec,1012840237834,04807205,,E12Z023713
elec,1900035395785,03801320,,A189700
gas,,,646358007,G4K00049161401
elec,1900032388916,04016120,,I08B00983
gas,,,648093108,G4K70489301012
elec,1200031646898,01801902,,D02A 18046
gas,,,62312605,429471
elec,2000056840697,00845453,,NG17K00185
elec,1200030577090,04874956,,217374584
elec,1200024027740,00845009,,E07BG17794
gas,,,8902257301,E065K1668115D6
elec,2330481800710,03801240,,YK73K07258
elec,2000005704055,03801126,,E11Z02814
elec,1100013358735,04807037,,Z03FF18386
gas,,,5005539608,G4A02348630601
elec,1200031923738,03801953,,E14Z022388
elec,1200031923729,03801952,,E14Z022631
gas,,,3326940901,00139260
elec,2000003743016,03801126,,S84C74409
gas,,,8917866908,7026077S
gas,,,3355945700,G4A02016670501
elec,2000027299186,00845453,,K11W577278
elec,2000000727962,03801127,,E10Z14025
gas,,,3347144501,G4A03660450601
elec,1012405238600,01801003,,L75E014610
elec,2000001014817,03801127,,D06C10019
elec,2000001215274,03801126,,19L2027301
elec,2000002073948,03801127,,L69C15563
gas,,,3286229409,G4A02062240001
gas,,,63252809,00610075
elec,2000002126892,03801126,,
elec,2000000883918,03801126,,L07C04009
gas,,,8450979605,6338261
elec,1610023499130,04812661,,217213186
elec,1200052105575,03801952,,E12Z004422
gas,,,2136911406,G4A01241861401
elec,1200062184096,00845009,,NG17K01010
gas,,,60625302,802222
elec,1012634304111,04100015,,E13Z033797
elec,1012742780856,04188040,,D08W537277
gas,,,9096587600,M016A0098504A6
elec,1900027317898,04811120,,E10Z04027
gas,,,9322301805,M016K0537913D6
gas,,,2417396408,G4K67833610713
elec,1900027317898,04811120,,E10Z04027
elec,1012477831660,03801201,,217376557
elec,1012830064243,01801003,,S60E004686
elec,1610014348408,04812661,,213347537
elec,1200052417729,03801952,,I07A 00601
elec,2000000018652,03801126,,S74C15016
gas,,,3347143903,G4A01145590401
elec,1200036792974,03801952,,E12Z149121
gas,,,57451605,M100K0639414D6
elec,1200028988576,03801952,,F01A 08659
gas,,,8813411704,M025A0674210D6
elec,2000002910616,03801126,,F88C05825
elec,1012410357258,03801201,,D09W615702
gas,,,8450548701,91817
elec,2000057749755,03801126,,
elec,1200060962310,00845359,,K12A001606
gas,,,9328407807,M065A0034112A6
gas,,,9386935107,M016A0020811A6
elec,1100013007021,03801013,,S72FM33957
gas,,,9347103008,M016A0829813A6
elec,1900060292943,00900550,,215487232
elec,2000020692125,03801126,,E11BG32025
gas,,,2402018602,G4A05444940601
elec,2352133993016,03801240,,LD05K91146
elec,1100013358753,03801013,,F01FC00245
elec,1200031923747,03801953,,E14Z022386
elec,1012407828179,03136238,,E12Z007427
gas,,,71898405,8525216S
elec,2000002756413,03801126,,E12Z089017
elec,2376552312014,00900299,,E06BG25549
elec,2380000736215,03801240,,LD06K90823
gas,,,3348280705,E6S01396291356
elec,1200038268076,03801952,,216548501
elec,2000027311105,00845453,,NG17K00552
gas,,,3300214009,M040A0122013D6
gas,,,3264301301,G4A00292881101
gas,,,3368778908,M016K0193914D6
elec,1100013433490,04811N14,,D08W714031
elec,2000054756262,03801126,,D10C24381
elec,2000027321140,00845453,,NG04K01992
elec,1100012408163,01801001,,S80FM25924
elec,2000003224545,03801127,,Z14N109701
elec,1012398797450,03801201,,E20UP03608
elec,1012365579019,03801201,,E13Z048181
gas,,,2950679602,M016A0105800A6
gas,,,8821862408,M016A1379712A6
gas,,,14367902,G4A01766280501
gas,,,3357001305,G4K00162671501
gas,,,8880459008,8880459008
elec,1050000654861,03801201,,214599868
elec,2000000001427,03801126,,L98C89388
gas,,,3350345403,G4K00359371501
gas,,,9088130300,G4W03738240101
elec,1900023228756,03801204,,E12Z049704
elec,2500001136847,03801003,,19L3714772
gas,,,9347346102,E016K0717217D6
elec,2000001347690,04044H17,,211044577
elec,1100012966663,03801013,,E11BG20647
elec,1012853399580,03801201,,E12Z075168
elec,2000001832988,03801126,,K69C13286
elec,1012411762324,03136238,,210021553
gas,,,3338936006,G4K80062110801
elec,2000001715727,01801100,,K15C02722
gas,,,5058207707,M016K0415916D6
gas,,,3953413901,G4K00296071701
gas,,,3342995110,048244
elec,2000055231578,03801126,,K12C00600
gas,,,4005072701,2460918
elec,2000004824925,03801127,,V02C13426
gas,,,2551141207,G4W09985740101
elec,1419123141000,01801001,,
gas,,,60436602,M016A0939412A6
gas,,,3033640600,G4K00452961501
elec,1100006770877,04811037,,216548398
elec,1900035113006,03801320,,215135414
elec,1200020958110,03801952,,D15A203474
elec,2000054170339,03801127,,P14C00675
elec,2000002074844,03801127,,E10UP01791
elec,1023513163812,00845086,,K12W500192
gas,,,2572643103,0035664
elec,1900010056324,00900200,,E11Z22961
gas,,,9106483910,G4W03675960101
gas,,,9344422806,E6S08906321756
elec,1012365579019,03801201,,E13Z048181
gas,,,2950679602,M016A0105800A6
gas,,,3387045007,M016K0628614D6
elec,2000014760970,00900457,,214051242
elec,1411572971008,03801007,,E10Z18317
elec,2000057095135,00845370,,217333357
elec,2000002953140,03801126,,L73C14822
elec,2000002048366,03801126,,E10Z09094
elec,2200014894910,03801110,,E10Z01078
elec,1413275211004,04811010,,K85G10549
gas,,,2553860003,0342095
elec,1200029808487,03006952,,E10BG05543
elec,2000005706169,03801126,,L84C56475
gas,,,9213087608,E016K0471117D6
elec,1200039247801,03801952,,S72A 13469
elec,2000000776287,03801126,,L07C35385
elec,2000022352436,03501126,,S67C38115
elec,2000017725480,03801126,,S84C75273
elec,2000022618727,03800126,,S11R41783
elec,1900032283257,04811120,,E14Z023625
gas,,,3307537608,G4A00763711101
elec,1200020986641,03801952,,S11A014844
elec,1416990231004,04812010,,E15TB01220
elec,1900021274858,04812120,,217305102
elec,2000056600186,03801101,,K16C02765
elec,1610011620817,01801011,,
gas,,,9368490609,E016K0077619D6
gas,,,3379999509,01202670
elec,2000002756167,03801100,,K97C06056
elec,1900009087402,04811120,,P09B20905
gas,,,3353722007,G4A00832831401
elec,1050000221736,03801201,,E11Z53019
elec,1100013357555,03801013,,D06G539418
gas,,,3258370705,G4A02495140501
elec,1200031923765,03801952,,210015225
elec,2200011646673,03801210,,215022645
gas,,,3295494800,E6S16758011961
elec,2000000885464,03801126,,E13Z011057
gas,,,9302953208,U6S02956031502
elec,1012478306389,03801201,,E13Z046559
elec,1200031923774,03801953,,210015230
elec,2000002176634,03801126,,K93C73419
elec,2000002911220,03801H03,,E10Z07870
elec,2000055547169,03801126,,D12C14606
gas,,,9357914905,M016K0044317D6
elec,2200014894681,03801110,,E11Z43857
elec,2000022352375,03801126,,214562431
elec,1200022938533,03802952,,L80A 31513
elec,2000000726870,03801126,,E15UP02829
gas,,,3347158602,G4K00290361701
gas,,,2700952706,G4A02368400201
elec,2000001491064,03801126,,L07C30710
gas,,,14724900,M016A0817710A6
elec,2000051673621,08802400,,E11Z40585
elec,1012525426945,03801201,,E10TB03295
gas,,,3037623508,G4A50208550501
elec,2000054000238,03801126,,E14BG07293
gas,,,7553469607,G4K00061091501
gas,,,3388988505,00466491
gas,,,3347162200,G4A00652691301
elec,2000000724999,03105133,,209453118
elec,2000009912512,04108136,,E10Z01064
gas,,,3987055210,8009493S
gas,,,3347149006,G4W00407470701
elec,2000000727670,03801126,,E17UP21373
elec,1012843758909,03801239,,E14BG09581
elec,2000000730316,03801127,,E12Z007486
gas,,,690890910,G4A50061440401
gas,,,3935140710,G4K03091880101
elec,2500000921121,03801003,,E17UP06139
elec,2000000184689,03801126,,E12Z028689
elec,2000002187724,03801126,,15L0054861
elec,2380001445267,00845281,,K07W609707
elec,2000002153743,03801126,,17P2037510
elec,2333691723715,03801240,,E18UP14585
gas,,,9313400907,M025K0170011D6
elec,1900070179447,04812120,,E15UP02545
gas,,,8896016504,G4A06121530001
elec,1160000082560,04807037,,K10W576221
elec,2200042532296,03801110,,218140347
elec,2200014895300,03801110,,214244943
elec,2000005706897,03801126,,E15BG05068
gas,,,3326868201,G4K00374201701
elec,1012430185327,03801201,,216136580
elec,2000002137830,01801100,,Z13N027591
elec,2000002141074,01801100,,17K0505231
gas,,,3348281707,G4A00186081301
elec,2331259479215,03801246,,E12TB00991
elec,1200023089898,03005952,,E12Z149198
elec,1200040612079,03801952,,A11LB22909
gas,,,8813848609,M040K0270814D6
elec,1200021861562,03801952,,I03A01770
gas,,,3297962604,G4K00014731501
elec,2200014894672,03801110,,D12D27604
elec,2200014895170,03801110,,218759353
elec,1900002235730,04811120,,A10LB51448
gas,,,2739801704,G4K00280211601
elec,1200061254149,03801952,,K12A004496
gas,,,8450712800,G4A01312700801
elec,2000000186932,03801126,,L76C09670
gas,,,8913470301,G4K02743390101
elec,1417146641005,01801001,,
gas,,,2554524205,0537539
elec,2200018838680,01801010,,V03D44728
elec,1800017833055,03801224,,2111P03913
gas,,,9214492005,G4A50035521401
elec,1200033342743,03801952,,L87A33217
elec,2352723984416,04874246,,215137665
elec,2000027542189,04064130,,K94C91878
elec,2000005706113,03801126,,213010242
gas,,,16256106,M025K0145414D6
elec,1900040002613,03801320,,Z9943010
gas,,,47397900,G4K00265891701
elec,2000002074125,03801127,,L04C02241
gas,,,2545984205,G4P71072401600
elec,1417815611006,03801001,,16P7106484
gas,,,9125876005,M040A0077107A6
elec,2000003742990,03801127,,E17BG06741
elec,2000002811400,03801126,,S70C01978
elec,2000000184698,03801126,,S80C95635
elec,2199993709133,03801200,,E16Z004607
gas,,,50708805,G4K00268771701
elec,2000001704229,03107134,,L83C57125
elec,1200024581039,03801952,,
gas,,,4035902802,G4K00161661501
elec,2200014895310,02818430,,214672839
gas,,,9336155600,M040K0300414D6
elec,2000002158272,03801126,,K75C05779
elec,2000054170357,03801127,,K14C00829
gas,,,9145450409,G4A03401440101
elec,1300007391028,03801201,,K003J29139
elec,2200014895198,03801110,,212398769
elec,2200040949442,03801110,,E14Z020563
elec,1012843490035,03136201,,D10W693749
elec,1416754791009,04811010,,E16Z004830
elec,2316006561512,03801240,,YK78K05748
gas,,,3983641910,016175
elec,1900010052686,04812120,,E12Z101237
gas,,,579937409,G4K00212461501
elec,1012398794237,03801201,,L94E005361
gas,,,3333474608,M040A0132110D6
elec,2000056034985,03801126,,K15C00292
gas,,,3361657804,00263922
gas,,,2189307403,8526498
elec,1100018451703,04811037,,E10Z02711
elec,2000002073957,03801127,,S05R01129
gas,,,60625201,8022335S
elec,1200027968142,03801952,,F78A 03342
elec,1200033162533,04809956,,L90A15826
elec,1200026308385,04874956,,215121084
elec,1013018032660,03801201,,19L2661148
gas,,,9322398701,M025A0069214D6
elec,1630000343299,00845801,,K13TB01094
gas,,,9387686701,E016K0328920D6
gas,,,9217449603,M016A1358110A6
gas,,,8863672101,8005093S
elec,1012831279331,03801201,,L99E06448
elec,2000002091539,03801126,,S73C02767
elec,1591037377539,08801257,,K04D00987
elec,2000001629351,03801127,,E16UP18301
elec,2000057635418,01801100,,20L2178914
elec,2600001157390,03801403,,K13C03062
elec,1012831431591,03801201,,K18TR00420
gas,,,82052808,M016K0190416D6
elec,1012835196237,03136201,,E11Z27590
elec,2000002961903,03801126,,S03C22921
elec,2000050469551,03801126,,K65C14186
elec,2000054476622,03801127,,E13Z007777
gas,,,9214091200,E016K0166116D6
elec,1012411731274,04807205,,211044569
gas,,,2178801310,E016K0701515D6
elec,2000010961884,03801127,,18100474
elec,2000053057828,03801127,,S05R02531
elec,1050002094316,03801202,,250405474
elec,2332291026912,01801100,,KD06K04120
elec,1900091008808,00845550,,K16A000557
elec,1012398797910,03801201,,K89E019729
elec,1012748956355,04811205,,39192723
elec,2000001000381,04108135,,218796237
gas,,,3333475408,G4K00088801801
elec,2700002197760,03800C2D,,250500679
elec,1050001752825,03801201,,K20W000027
elec,2000051503600,03801127,,E14UP03334
gas,,,9389484205,M016M0070619S6
gas,,,3350405002,E6S08289211556
elec,1100012969896,04831037,,F92FB29237
gas,,,9212790003,M016A0439408A6
elec,2000002136419,01801100,,19L2458170
elec,2000054170199,03801127,,E13Z048300
gas,,,9145449604,M040K0282910D6
elec,2000004760420,04044129,,217304020
gas,,,9367315507,
gas,,,3357203104,G4K03121370101
gas,,,3254914710,00019066
elec,1200029249722,01801902,,L89A 02358
gas,,,60744007,G4A03844690601
elec,2000000581327,03801126,,217143838
elec,1200038619367,03801952,,S75A10278
elec,1200031147560,03801952,,19L3095859
gas,,,3311652505,00797323
elec,1200029523680,03801952,,50400209
elec,1900041088160,03801320,,S9048374
elec,1900036087660,03801320,,AL59804
elec,2000001642413,01801100,,18P2247417
gas,,,3322470600,G4P31094841700
elec,2000002518832,03801127,,L98C89543
gas,,,3379357401,601386S
elec,1100013008196,03801013,,Z02FE17901
elec,1900044032579,04812201,,E13Z030887
gas,,,9367359101,7434745S
elec,2500021755772,03801127,,
gas,,,9322433508,205159
elec,2000054170375,03801127,,E10BG01877
gas,,,9145450308,M016K0741814D6
elec,2000000969111,01801100,,15E0428811
elec,1200031145874,03801952,,D03A13167
elec,1200026308367,03801956,,215121085
elec,2000027559917,03801H02,,L70C13393
elec,1900043126074,03801320,,A7477491
gas,,,60468301,E6S00965419606
elec,2000053717068,03801127,,L07C64545
elec,1200024262729,03802952,,F99A 40155
elec,1012538646420,03801201,,E12Z146757
elec,1460001697328,03801001,,211178958
elec,1012969566372,03801201,,S82E023714
elec,1200037150328,03801952,,F91A 04421
gas,,,8916475001,M040A0051801A6
elec,1100015712427,04817037,,K14W311119
elec,1160001064437,00845058,,K07W610247
gas,,,63144301,E016K0116115D6
gas,,,8823820301,241420
elec,1200031923783,03801953,,210015229
elec,2000001783364,03801126,,211190831
gas,,,609326108,4353571S
elec,2334541098716,03801240,,E15ML06103
gas,,,2163580109,M025K0338015D6
elec,1100013358771,03801013,,F01FC00244
elec,2000057389920,03801127,,E18ML14348
elec,1900009088318,03801320,,L8011228
elec,2000001000638,03801126,,E11Z25246
elec,2000002178766,03801126,,S84R78572
elec,1200021992734,03801952,,D00A 58900
gas,,,8832114009,8003164S
elec,1012592684006,03801201,,K10W573229
gas,,,58379202,8020655S
elec,2000052456191,03801126,,F04C04874
elec,1100013351882,04031037,,E10TD00364
elec,1591031352510,03801203,,D10L90122
elec,1200029523635,03801952,,E14Z038870
elec,1200023894505,03801952,,E13Z033653
gas,,,3292446504,G4A01270701501
elec,1012833468246,03136201,,S85E006076
elec,1200010262160,00845009,,213453131
elec,1012398796536,03801201,,E14Z018576
elec,1413593151000,01801001,,
gas,,,2404681610,3588062
elec,1412954051005,01801001,,
gas,,,2551748302,G4A02618150601
elec,2000054319896,03801126,,E15TH00193
elec,1900013055963,03801320,,E15TH00336
gas,,,60827505,M040A0148313D6
elec,1610020952424,03801631,,E11Z107238
elec,2000000184651,03801126,,16P2261392
gas,,,8824434503,8004105
gas,,,9119758608,G4A00260831501
gas,,,3285066907,M065A0164209A6
gas,,,2545983708,G4P71072281600
gas,,,69797501,M016A0567901A6
elec,1012367635906,04811205,,K09A 02542
elec,1012407522275,04807205,,I07EE01523
gas,,,9330640105,240027
elec,2700005053592,00845232,,NG19K00509
gas,,,3318793200,00949285
elec,1200032985708,01801902,,S06A 05958
gas,,,1304386907,75131183
elec,1800020686542,04005221,,CB06P00062
elec,2000004845614,03801126,,SJAC03786
elec,2332070644719,04811246,,WK86K08754
elec,2000000884665,03801126,,K91C14477
elec,1900005131625,03801320,,E15Z012981
gas,,,3906981104,G4K61904280413
elec,2000021017352,03801126,,K97C05877
elec,1012842964480,03136201,,E11Z60786
gas,,,3300134909,4685178
gas,,,9391293803,E016K0343620D6
elec,1100013436844,04811037,,39181579
elec,2000000698104,03801126,,K96C24610
gas,,,646361310,4247931
elec,1900033395506,04008120,,D15B005632
elec,1012592650424,03801201,,S88E200905
gas,,,21105907,M065A0063514A6
elec,2000050351042,03801126,,D00C91520
gas,,,8937321002,E016K1521615D6
elec,1900008006573,04811120,,E15Z014249
elec,1012477383851,04139205,,E12Z112181
gas,,,2987195903,M016A0092004A6
elec,1900005017225,04811120,,E11Z05481
gas,,,4203491007,383322
elec,2200023030850,03801110,,E11Z21978
gas,,,511034401,M016A0873314A6
elec,1200041752609,03801952,,E13Z026381
elec,2199993423166,03801200,,K17TR00031
elec,1012742780624,03500201,,D14W158850
elec,1012854284393,03801201,,E20UP04133
elec,2390000084061,04874246,,E11BG27017
elec,1012855212441,01801003,,Z02E026595
gas,,,3290252301,01286548
elec,1900019055550,03801320,,E15TB00745
gas,,,3335937105,E025K0267517D6
elec,2000057218950,04811129,,218285404
elec,2000027393241,00845453,,E07BG11797
elec,2000001751380,03801127,,K18W006448
elec,2000000073653,03801H09,,D09C00002
elec,2000001009808,00845453,,E06BG05797
gas,,,49327305,M065K0509011D6
gas,,,3327948406,G4K00458650001
elec,2000013119699,03801126,,D01C70640
elec,1200022068503,03801952,,16P2170965
gas,,,9188602805,G4A02371510701
elec,1012833011699,03801201,,S06EH73550
gas,,,2975351605,G4K00121851501
elec,1591025810332,04539205,,I06L72061
gas,,,2977983608,3118391
elec,1050000366158,03801201,,D03L79069
elec,1640000483986,06801034,,E14UP11553
elec,1800032060847,03801202,,PT18700454
gas,,,3297962705,G4K00069651401
gas,,,3293305109,E6S02703801054
elec,1200035556981,03801952,,K72A 00108
elec,2200014895115,03801110,,E10BG29754
elec,2200031842825,04807210,,K10UP03150
elec,1200026125731,03801956,,K12UP06708
elec,2000001715017,03801127,,E15TB00335
elec,1200034386849,03006204,,A13LB42061
gas,,,47026808,G4K00226881701
gas,,,8880488700,M025A0046700A6
elec,2000001834442,03105133,,P98C89416
elec,1900034060950,03801203,,Z0025870
elec,1460000813472,03801007,,E11Z42609
elec,2200031664481,03801110,,A12LB45295
elec,1012401637031,01801003,,18L2159378
gas,,,9364320709,M016A1410410A6
elec,1050000514542,00900200,,E12UP02263
gas,,,9334626008,M016A0888910A6
gas,,,9106426808,G4K00178831501
elec,1200025116842,04807956,,E17UP09772
elec,1900041181436,03802320,,P9913512
elec,1900006395650,04811120,,E11Z104837
elec,1800017833046,04632225,,2111P03913
elec,1012831529349,04807205,,Z06E035708
elec,1100012722200,03801013,,S08W029870
elec,1200033163253,03801952,,218286030
gas,,,72399302,705703S
elec,2700003761425,00845142,,E17Z000867
elec,2335371069017,03801240,,CL59K03219
elec,2351232063211,03801240,,212398632
elec,2000022618675,03801100,,S11R41945
elec,1700052226139,00900500,,E13BG01958
gas,,,9353079203,E025K0263117D6
elec,2200040440703,04807210,,E12TH00013
gas,,,44880001,E040K0023016D6
elec,2000002073966,03801126,,S04R14585
gas,,,60625100,G4A02510120801
elec,2000057097035,03801127,,E17UP08687
gas,,,8813270701,03025197
elec,2000002183757,04111135,,E12Z068216
gas,,,64427206,E040K0364218D6
elec,1900041088170,03801320,,S9048375
elec,1900027088792,03801320,,AJ41141
gas,,,929036009,G4K00032581001
elec,1900016115125,03801320,,19L3908752
elec,2000000167600,03801126,,214662130
elec,2000003066700,04811129,,E12Z071515
gas,,,9321528604,E065K1393515D6
gas,,,9389867805,E016K0279920D6
elec,1200062104347,00845009,,K16W314272
elec,2000000885809,03801126,,D06C09871
gas,,,3358484009,3900577
elec,2000001014808,03801127,,K96C09281
elec,1900003018690,03801320,,D13B219454
elec,1050000709457,00845086,,NG13K00538
gas,,,9155306801,G4K80108590501
gas,,,61949805,4086585S
elec,1012480553025,01801003,,16K0101887
gas,,,9381620505,G10K3111552201
elec,2000057220035,03801126,,E18ML00557
elec,1012836893630,03801201,,F73E012912
elec,1200061198743,00845200,,E16Z002205
elec,2000056364613,03801127,,E15TB00675
elec,1170000450027,00845N14,,K12W600643
gas,,,3345168404,E6S00563819811
elec,2000002158626,03801126,,S81C66038
elec,2198765359260,00845117,,TG18K00207
elec,1900045234161,04811120,,P0020203
gas,,,3361861006,M016A0545308A6
elec,2000050054745,00845453,,K12W501446
elec,1200061878398,03801952,,D15A219481
elec,2199991342310,03801200,,E12Z085523
elec,2000005704037,01801100,,19L4175816
gas,,,3328788606,E6S19557511961
elec,1200026032858,04811956,,E09BG07550
elec,1900091008808,00845550,,K16A000557
elec,1100012722200,03801013,,S08W029870
elec,1013017855338,03136201,,E11Z66013
elec,1200033392753,03801952,,K13W321149
elec,1610019350926,03801004,,E12Z004558
elec,1900092056050,03801201,,250501416
gas,,,64385508,M016A0258002A6
gas,,,9373026800,M016K0280416D6
gas,,,65972304,M016K0162807D6
elec,1900035113006,04829120,,215135414
elec,1200021574465,03801201,,217214762
elec,1012398793312,04807201,,E10TB02051
elec,1013091057898,03801204,,E16Z005289
gas,,,9322398701,M025A0069214D6
gas,,,54827710,6522928SC
elec,2000002763908,03801127,,E07BG14154
elec,2000010465432,03801127,,K16TR00226
elec,2000009896854,03801127,,K16TR00030
elec,2000054496647,03801127,,40954486
gas,,,1563820909,M025K0377913D6
elec,1012833334844,03801201,,A12LB22963
elec,2000027285875,00845453,,K18D01060
elec,2000000884647,03801126,,216136829
gas,,,5035181003,G4K00234091601
elec,2000051716062,00845453,,K19C00687
elec,1200051167153,03801952,,E14Z005554
gas,,,9391305009,M016M0146421S6
elec,1100012940150,03801013,,S72FM30637
elec,1100012427087,03801013,,K73FM05691
elec,1200040020513,03801952,,K18C05981
gas,,,64770803,M016A2529901A6
elec,1100051071441,00845058,,E10BG25775
gas,,,3311652505,00797323
gas,,,1658023404,E016K0302916D6
elec,1200021861571,03801952,,D13A220818
elec,1012430171750,3801201,,E11Z87042
elec,1900047338369,,,
elec,1200033122381,3801952,,L87A 43565
elec,2000056597904,03801126,,E16UP06635
elec,2000001976244,03801H02,,K14C06562
elec,2000001976280,3801126,,S73C34094
elec,1800020819993,04021221,,3410P08875
elec,2000002073920,1801100,,S80C64017
elec,2200030121138,3801110,,211046373
elec,2200019959215,3873110,,211191630
elec,2000000050169,03801H01,,E10Z06407
elec,2000051730829,3801100,,S76C00046
elec,2000027323801,00845H86,,
elec,2000001976350,3801126,,E12Z091633
elec,1100009992175,3801013,,17P2019974
elec,1900023021172,4016120,,S8420713
elec,1200022788090,3801952,,19K0127658
elec,2000057590333,3801127,,K19C02013
elec,1300010207420,3801201,,N910J04619
elec,1421841200002,3801007,,E09BG10926
elec,1800020819993,4021221,,3410P08875
elec,1800020819993,4021221,,3410P08875
elec,1200034103798,3801202,,E17UP07908
gas,,,49377006,E100K0684015D6
gas,,,17734110,6173093
gas,,,8878361003,G4K04362510101
gas,,,9347106901,G4A0026178160
gas,,,9344880500,M016K0565015D6
gas,,,8450101602,G4P20543171600
gas,,,4239279709,4239279709
gas,,,9377302605,E040K0153019D6
gas,,,3344760407,5533047
gas,,,9353702600,G4K00093971601
gas,,,9321157000,141225
gas,,,9132637707,G4A50365180401
gas,,,8814455000,E100K0889716D6
gas,,,9386167402,
gas,,,9386167301,
gas,,,9386167200,
gas,,,2178139105,8010607S
gas,,,8878361003,G4K04362510101
gas,,,49377006,E100K0684015D6
,,,,
elec,1012365193532,,,
elec,2000002776688,,,
elec,1200023889295,,,
elec,1012840164460,,,
elec,1610013458396,,,
elec,1100013002246,,,
elec,1200031212290,,,
elec,1100013376479,,,
elec,2000005360676,,,
elec,2000000918809,,,
elec,1200035044308,,,
elec,1100013394200,,,
elec,1100014218295,,,
elec,1100013437476,,,
elec,1100050353789,,,
elec,1100012978010,,,
elec,1200028863264,,,
elec,1200023888422,,,
elec,1100012256865,,,
elec,2000001118223,,,
elec,1610030519846,,,
elec,1200023693058,,,
elec,1200039353963,,,
elec,1200036706850,,,
elec,2000027292525,,,
elec,2000052203620,,,
elec,1100012367180,,,
elec,1200035309428,,,
elec,1012411735640,,,
elec,1100770390932,,,
elec,1200031737603,,,
elec,1900090884678,,,
elec,1200035044274,,,
elec,1610030109105,,,
elec,1100013363034,,,
elec,1100022741237,,,
elec,2000003740646,,,
elec,1160001391012,,,
elec,1610029543830,,,
elec,1200035044265,,,
elec,1200032181730,,,
elec,1200032181720,,,
elec,1200022674755,,,
elec,1100012828893,,,
elec,1200029073290,,,
elec,1100012419769,,,
elec,2000013155429,,,
elec,1130000044087,,,
elec,1100023687680,,,
elec,1100039616770,,,
elec,1100022928521,,,
elec,1100025645051,,,
elec,1100012992812,,,
elec,1200033802111,,,
elec,1100023687653,,,
elec,1800050464413,,,
elec,1160001391040,,,
elec,1100022864880,,,
elec,2000027291638,,,
elec,2000052611529,,,
elec,2000052611529,,,
elec,1200060001213,,,
elec,1012835267302,,,
elec,1200033143327,,,
elec,1012835267534,,,
elec,2000002150399,,,
elec,2000001750420,,,
elec,2000002072225,,,
elec,1800033326039,,,
elec,1610030499739,,,
elec,1418041631009,,,
elec,1200021590208,,,
elec,1100013389654,,,
elec,1100012335514,,,
elec,1200010254443,,,
elec,2000002150380,,,
elec,2000001571393,,,
elec,1610029545527,,,
elec,1200033143345,,,
elec,2000002049875,,,
elec,2000055011969,,,
elec,2000000001445,,,
elec,2000002072387,,,
elec,1023467071583,,,
elec,1100012221890,,,
elec,2000001941464,,,
elec,2000002074091,,,
elec,1100013459879,,,
elec,2000001001890,,,
elec,1200052292281,,,
elec,1610030457135,,,
elec,2000003752508,,,
elec,1200052493144,,,
elec,2000005704161,,,
elec,2000002926253,,,
elec,2000002925028,,,
elec,2000003060851,,,
elec,1200033799480,,,
elec,1200028573973,,,
elec,2000000582144,,,
elec,1200041594137,,,
elec,2000000056987,,,
elec,2000002781330,,,
elec,1100025485405,,,
elec,1100020762893,,,
elec,1100013394228,,,
elec,2000002127195,,,
elec,1640000132500,,,
elec,1900037116737,,,
elec,1900034115493,,,
elec,1900028117362,,,
elec,1900006127772,,,
elec,1100012314490,,,
elec,2000000660787,,,
elec,1100012739870,,,
elec,2000007923345,,,
elec,1100012577093,,,
elec,2000012228954,,,
elec,2200014268239,,,
elec,1610029545493,,,
elec,1900020428621,,,
elec,1900024019485,,,
elec,1200038480509,,,
elec,2000000886290,,,
elec,2000002758730,,,
elec,2000020864895,,,
elec,1014570964831,,,
elec,2000004664163,,,
elec,1012562957427,,,
elec,1900024265962,,,
elec,1900012265699,,,
elec,1012927369193,,,
elec,1200028826129,,,
elec,2000001743431,,,
elec,1100013008424,,,
elec,1100012321070,,,
elec,1100012815421,,,
elec,2199994598879,,,
elec,1200037077110,,,
elec,1419264571005,,,
elec,1418264571003,,,
elec,2200014960810,,,
elec,1200010039284,,,
elec,2199991829436,,,
elec,1620001474456,,,
elec,1412295481007,,,
elec,1200029037060,,,
elec,1100050686454,,,
elec,1200030203912,,,
elec,1012994184425,,,
elec,1100020883589,,,
elec,1200022935480,,,
elec,2000012229122,,,
elec,1050000414820,,,
elec,2000027291512,,,
elec,1100050816618,,,
elec,1200021930560,,,
elec,1610018618122,,,
elec,1610018618113,,,
elec,1610018618113,,,
elec,2000002701869,,,
elec,1013023063917,,,
elec,1100013862742,,,
elec,1100019008768,,,
elec,2000003060870,,,
elec,1015684613561,,,
elec,2000001093535,,,
elec,2000054232056,,,
elec,1900008080888,,,
elec,1900070063237,,,
elec,2200013969991,,,
elec,2000001721873,,,
elec,1013001459557,,,
elec,1100013044742,,,
elec,1200040966384,,,
elec,1012627818343,,,
elec,1012358084927,,,
elec,1012358084699,,,
elec,1200034567583,,,
elec,2323433801719,,,
elec,1610022586944,,,
elec,2000003885537,,,
elec,1200034574660,,,
elec,1200035152323,,,
elec,1023495866895,,,
elec,1200031147792,,,
elec,1200031818262,,,
elec,1100015924815,,,
elec,2000015387123,,,
elec,2000021404952,,,
elec,2000002158333,,,
elec,2000010520571,,,
elec,1012839825670,,,
elec,1200022048260,,,
elec,2000002764335,,,
elec,1200024195480,,,
elec,2000000009426,,,
elec,2000002516320,,,
elec,1012587100066,,,
elec,2000016986449,,,
elec,1900014275314,,,
elec,1200050242837,,,
elec,1200025423592,,,
elec,1200035905440,,,
elec,1160000527116,,,
elec,1012818585638,,,
elec,1900037005171,,,
elec,2199990998630,,,
elec,1100051191133,,,
elec,1050000751858,,,
elec,2000009541313,,,
elec,2000002701850,,,
elec,2000009977193,,,
elec,1100010685823,,,
elec,2000009897022,,,
elec,1800031825977,,,
elec,1100005524399,,,
elec,1610021196166,,,
elec,1100001622720,,,
elec,1900048175457,,,
elec,1200028643432,,,
elec,1200024899851,,,
elec,1013009759794,,,
elec,1012390768610,,,
elec,2363601459015,,,
elec,1100012757123,,,
elec,1100012966316,,,
elec,2000055591308,,,
elec,2000015919734,,,
elec,1200036219494,,,
elec,1100012424616,,,
elec,1900038001099,,,
elec,1900032110137,,,
elec,2200014112940,,,
elec,1200050802674,,,
elec,1200037327109,,,
elec,2200041649295,,,
elec,2333259842924,,,
elec,2333259842915,,,
elec,2000016153470,,,
elec,1416215191005,,,
elec,1200020669540,,,
elec,2200021034125,,,
elec,1200051591268,,,
elec,1100012719030,,,
elec,1591018729699,,,
elec,1900036086480,,,
elec,1610023536777,,,
elec,1050000119030,,,
elec,1900027113970,,,
elec,1100025438140,,,
elec,2000005696830,,,
elec,1610021418798,,,
elec,2199998878927,,,
elec,1610013517484,,,
elec,1591035030317,,,
elec,1591033994014,,,
elec,1900007425525,,,
elec,1300002902652,,,
elec,2000025258160,,,
elec,2000002816685,,,
elec,1715425124203,,,
elec,2199999405854,,,
elec,1418370671009,,,
elec,1416370671005,,,
elec,2000011049783,,,
elec,2200011759465,,,
elec,2200011759456,,,
elec,1012427698336,,,
elec,1012837999471,,,
elec,1417810000001,,,
elec,1012938318578,,,
elec,1013058233674,,,
elec,2000011854970,,,
elec,2000011854960,,,
elec,2000022241526,,,
elec,1415633490003,,,
elec,2199999172044,,,
elec,1900019333671,,,
elec,1100013369694,,,
elec,1300011258504,,,
elec,1419852850008,,,
elec,1414961003000,,,
elec,1200024014810,,,
elec,1012575939775,,,
elec,1100011629332,,,
elec,2311298462810,,,
elec,1300001978785,,,
elec,1012833278720,,,
elec,1411137080009,,,
elec,1415666831008,,,
elec,1100006702404,,,
elec,1610030143940,,,
elec,2380000763496,,,
elec,1170000597040,,,
elec,2322821471517,,,
elec,2355572528718,,,
elec,1100012722264,,,
elec,1200021576081,,,
elec,1012843064304,,,
elec,1200010129325,,,
elec,1610030901997,,,
elec,2200014004010,,,
elec,1200034192413,,,
elec,2366541880011,,,
elec,1900070733877,,,
elec,2000013278812,,,
elec,2000013278609,,,
elec,2000013278593,,,
elec,2199999667073,,,
elec,1714739080944,,,
elec,2000027490159,,,
elec,1800051367047,,,
elec,1012722577191,,,
elec,1012722576969,,,
elec,1415845591003,,,
elec,1900040128760,,,
elec,2000016146808,,,
elec,1900040008730,,,
elec,2000002570140,,,
elec,2000002569873,,,
elec,2000050851202,,,
elec,2365236379110,,,
elec,1610030088528,,,
elec,2000001001775,,,
elec,2199991883275,,,
elec,2000027381023,,,
elec,1610031905760,,,
elec,1610031905751,,,
elec,2200011740126,,,
elec,2200011740117,,,
elec,1023510628296,,,
elec,1900038102665,,,
elec,1200041526800,,,
elec,1430000050456,,,
elec,1413797361005,,,
elec,2000001000629,,,
elec,1100001394479,,,
elec,1100013136933,,,
elec,1200034207646,,,
elec,1900000251794,,,
elec,1419393012004,,,
elec,1418393012002,,,
elec,1417393012000,,,
elec,1100021029838,,,
elec,2323013051810,,,
elec,1610005995757,,,
elec,1200010250068,,,
elec,1415321021009,,,
elec,2331128525315,,,
elec,1100012940540,,,
elec,2200020685190,,,
elec,2000001834762,,,
elec,1100012656008,,,
elec,2000053019799,,,
elec,1100039630915,,,
elec,1200021461707,,,
elec,2199996214871,,,
elec,1012426326847,,,
elec,2000027292696,,,
elec,1012868194795,,,
elec,1100023539421,,,
elec,1200050140123,,,
elec,2000001757470,,,
elec,1413908491002,,,
elec,2375916425014,,,
elec,1900001089077,,,
elec,1200021567398,,,
elec,2000001491028,,,
elec,2000010468771,,,
elec,2000002152146,,,
elec,1160000995724,,,
elec,2000000672560,,,
elec,1900021057089,,,
elec,1012406381018,,,
elec,1200039736402,,,
elec,2000001631750,,,
elec,2000007294573,,,
elec,1414084141000,,,
elec,2000027533900,,,
elec,1100020558538,,,
elec,1013004033254,,,
elec,2380001373996,,,
elec,2000000728761,,,
elec,1200021472017,,,
elec,1100018772190,,,
elec,1100025411342,,,
elec,2000001780860,,,
elec,1300001642335,,,
elec,1100001394488,,,
elec,2000002863550,,,
elec,1023545960987,,,
elec,1900029016717,,,
elec,2335631216716,,,
elec,1413530760006,,,
elec,1100013360520,,,
elec,1620001521878,,,
elec,1419888501009,,,
elec,1100020321154,,,
elec,1100020321145,,,
elec,1200029647410,,,
elec,1100005972477,,,
elec,2000011379839,,,
elec,1200028695820,,,
elec,1012669631885,,,
elec,2000002281064,,,
elec,2000009908613,,,
elec,2000009908604,,,
elec,1100009889404,,,
elec,1023518095014,,,
elec,1610030873132,,,
elec,1200020558737,,,
elec,2200022241205,,,
elec,1012490224069,,,
elec,1100770128978,,,
elec,1160000964345,,,
elec,1200033143336,,,
elec,1012427150936,,,
elec,1900012234050,,,
elec,2321481180610,,,
elec,1200042386073,,,
elec,1100004521731,,,
elec,2200022329339,,,
elec,1013022386790,,,
elec,2000024339056,,,
elec,2000009908845,,,
elec,1200041481985,,,
elec,1200024724450,,,
elec,2000001631360,,,
elec,1200033335115,,,
elec,1012793847523,,,
elec,2000002152795,,,
elec,1100770128969,,,
elec,1012820622519,,,
elec,1012392561233,,,
elec,2334311049725,,,
elec,2334311049716,,,
elec,2000006034766,,,
elec,2000016287401,,,
elec,1900022043991,,,
elec,1900022043982,,,
elec,1100013175738,,,
elec,2000002985426,,,
elec,1800022317987,,,
elec,2334200070714,,,
elec,1900005055470,,,
elec,1012998053489,,,
elec,1200028950953,,,
elec,1200031073769,,,
elec,2000002127098,,,
elec,1200032206599,,,
elec,2000051441803,,,
elec,1200060944580,,,
elec,1200060944570,,,
elec,1200060944561,,,
elec,1200060944552,,,
elec,1100012408720,,,
elec,2000002050286,,,
elec,1100770362721,,,
elec,2000002050755,,,
elec,1100012305760,,,
elec,2000052168212,,,
elec,1100003923097,,,
elec,2000001468171,,,
elec,1200042335194,,,
elec,1200042335185,,,
elec,1630000022360,,,
elec,1100023777331,,,
elec,1411547070000,,,
elec,1200026779540,,,
elec,1012402648577,,,
elec,2000009886624,,,
elec,1012607166180,,,
elec,1012424540202,,,
elec,1200030504302,,,
elec,2000005381054,,,
elec,1100014947510,,,
elec,1030047897968,,,
elec,2000003224698,,,
elec,1200023044025,,,
elec,2000002819941,,,
elec,2000002930301,,,
elec,1012785600182,,,
elec,2000002178809,,,
elec,1012703840930,,,
elec,1200038853529,,,
elec,1630000183100,,,
elec,2000026403049,,,
elec,1415578980005,,,
elec,2000002077162,,,
elec,1900001384876,,,
elec,1100013764619,,,
elec,1200039312178,,,
elec,2000027306986,,,
elec,1200037327093,,,
elec,1200041867912,,,
elec,1012673698056,,,
elec,1012657017076,,,
elec,1012657016843,,,
elec,1300004646972,,,
elec,1800027292991,,,
elec,1200032056007,,,
elec,2200016270903,,,
elec,2000000881186,,,
elec,2000000881070,,,
elec,2000000881033,,,
elec,2000000881024,,,
elec,1414789802008,,,
elec,1413677500005,,,
elec,1012387625897,,,
elec,1100039503570,,,
elec,1200039130564,,,
elec,1610020217188,,,
elec,1200050709326,,,
elec,2000002073878,,,
elec,1416992971003,,,
elec,2000002799978,,,
elec,2000000183240,,,
elec,1012349294328,,,
elec,1200029337370,,,
elec,1200029337351,,,
elec,1630000264966,,,
elec,1012551357147,,,
elec,2330258539917,,,
elec,2330258520916,,,
elec,1600000059820,,,
elec,1414583921000,,,
elec,1160001051010,,,
elec,1012729322860,,,
elec,2000052046383,,,
elec,1200041028355,,,
elec,1200034208000,,,
elec,1100003396947,,,
elec,1200037311483,,,
elec,2000003096858,,,
elec,1200022690960,,,
elec,1100022896933,,,
elec,1100012914248,,,
elec,2000001010789,,,
elec,1200050966007,,,
elec,1200035716253,,,
elec,1012841974103,,,
elec,1012419853262,,,
elec,2000056600186,,,
elec,1200023689682,,,
elec,1200041501197,,,
elec,1100003717189,,,
elec,1100003717170,,,
elec,1100003717620,,,
elec,2000000012562,,,
elec,1900033191590,,,
elec,2000004689414,,,
elec,1200031471001,,,
elec,1800031916950,,,
elec,1023542716510,,,
elec,1100770234969,,,
elec,1413369931007,,,
elec,2000004760165,,,
elec,1013032414336,,,
elec,2000004403585,,,
elec,1460001232742,,,
elec,2000050932206,,,
elec,1100013433505,,,
elec,1200041770324,,,
elec,1023529617555,,,
elec,1050000295612,,,
elec,1023483812827,,,
elec,1160000462328,,,
elec,1100005450133,,,
elec,1419976331007,,,
elec,1012860230123,,,
elec,2200014127946,,,
elec,1900002192839,,,
elec,1012860230587,,,
elec,2000027433781,,,
elec,1200039896018,,,
elec,1100014380253,,,
elec,2352133993016,,,
elec,2000000727712,,,
elec,2000005088575,,,
elec,2000010053609,,,
elec,1200038100977,,,
elec,1900002019080,,,
elec,1300008901120,,,
elec,1012458512585,,,
elec,1418738571002,,,
elec,1800060023687,,,
elec,2200011373358,,,
elec,2200010412068,,,
elec,2000000132096,,,
elec,1200037403196,,,
elec,1030001631161,,,
elec,1012377951861,,,
elec,1900070638220,,,
elec,1900011007763,,,
elec,1900023002027,,,
elec,1200038268085,,,
elec,1419644680003,,,
elec,1411745391008,,,
elec,1900009058457,,,
elec,1100022056113,,,
elec,2000016623272,,,
elec,1100011145564,,,
elec,1200022164295,,,
elec,2000053025738,,,
elec,1030023423439,,,
elec,2000056396100,,,
elec,1900000102300,,,
elec,1012501195988,,,
elec,1200061505061,,,
elec,1200060911798,,,
elec,1200060911789,,,
elec,1200034923518,,,
elec,1200034923448,,,
elec,1200034434800,,,
elec,1200030739957,,,
elec,1023544079720,,,
elec,1023538647351,,,
elec,1012345830523,,,
elec,2000054380144,,,
elec,1200035943204,,,
elec,1800020850112,,,
elec,1013027901275,,,
elec,1100004743871,,,
elec,1100001974666,,,
elec,2000001479572,,,
elec,2000001479545,,,
elec,2000001479536,,,
elec,1200027958970,,,
elec,2000052879478,,,
elec,2000025525794,,,
elec,1411584201005,,,
elec,2000054240952,,,
elec,1460001386390,,,
elec,2200014799220,,,
elec,1410946740009,,,
elec,2000018331017,,,
elec,2000000751014,,,
elec,2199991969746,,,
elec,2000056055744,,,
elec,2000056055735,,,
elec,2000054007855,,,
elec,2000018329027,,,
elec,2000004812414,,,
elec,2000003851281,,,
elec,1200023656117,,,
elec,1012831501742,,,
elec,1900032116272,,,
elec,1200050074482,,,
elec,1100020364654,,,
elec,1200050686714,,,
elec,2000001834692,,,
elec,1012532237470,,,
elec,1300051310118,,,
elec,2000056055753,,,
elec,1200025282850,,,
elec,2000004670539,,,
elec,2200021179656,,,
elec,2000000854085,,,
elec,2366524385016,,,
elec,2336526109015,,,
elec,2312837135010,,,
elec,2200030016150,,,
elec,2000027400935,,,
elec,2000011050431,,,
elec,1900061083291,,,
elec,1900061083282,,,
elec,1900048383380,,,
elec,1800026080983,,,
elec,1700052064790,,,
elec,1591039143715,,,
elec,1423745100008,,,
elec,1412309710009,,,
elec,1300054881201,,,
elec,1100050619519,,,
elec,1100039504583,,,
elec,1100039503757,,,
elec,1100039370617,,,
elec,1023496365074,,,
elec,1013086976548,,,
elec,1200037098350,,,
elec,1200037098360,,,
elec,2000050398403,,,
elec,2199996552254,,,
elec,1100012419909,,,
elec,2000009732845,,,
elec,1200039257233,,,
elec,1030005593147,,,
elec,1030005592914,,,
elec,1023543939194,,,
elec,1023543935288,,,
elec,1023538647583,,,
elec,1023511897897,,,
elec,1200041944318,,,
elec,2000005229020,,,
elec,2000005731713,,,
elec,2000000582482,,,
elec,1013068564819,,,
elec,2000002050329,,,
elec,2000055285573,,,
elec,2000003971595,,,
elec,1900091043885,,,
elec,1023532558565,,,
elec,1012663136450,,,
elec,1100001461293,,,
elec,1100025631634,,,
elec,1900035087819,,,
elec,1023505926408,,,
elec,1300053254157,,,
elec,1012840217369,,,
elec,1012831389735,,,
elec,2000022454750,,,
elec,2000054241005,,,
elec,1900046023210,,,
elec,1900007055427,,,
elec,2000051444042,,,
elec,2000002802975,,,
elec,1200062238760,,,
elec,1100013433514,,,
elec,1610031271731,,,
elec,1610031271722,,,
elec,1610031271713,,,
elec,1610031271704,,,
elec,1100013447535,,,
elec,1100012285810,,,
elec,2000000869597,,,
elec,2000000869579,,,
elec,1200060366725,,,
elec,2000055533919,,,
elec,2000000673304,,,
elec,1014568248765,,,
elec,2200021034204,,,
elec,2000000725120,,,
elec,2000055533937,,,
elec,1100012970517,,,
elec,2000054680472,,,
elec,2000003060898,,,
elec,2000002802585,,,
elec,1900014014550,,,
elec,1900000013021,,,
elec,1100009989456,,,
elec,1610004115086,,,
elec,1012592650196,,,
elec,1200023894212,,,
elec,1200030899632,,,
elec,1200030899650,,,
elec,1200030899641,,,
elec,2000003765065,,,
elec,1100015535139,,,
elec,1900037389019,,,
elec,2000001976379,,,
elec,2000002077135,,,
elec,2000002668477,,,
elec,1200032983064,,,
elec,1050000001931,,,
elec,2000003146941,,,
elec,1900040027440,,,
elec,2000051015817,,,
elec,1200028147300,,,
elec,1100015448489,,,
elec,2000008686880,,,
elec,1012402289540,,,
elec,2000051307657,,,
elec,2000000042910,,,
elec,1411855781008,,,
elec,1419755781007,,,
elec,1900014088603,,,
elec,1610004058473,,,
elec,2000005706888,,,
elec,1200024515996,,,
elec,1012522968935,,,
elec,1100013358726,,,
elec,2331617810112,,,
elec,1900016425503,,,
elec,2500000123322,,,
elec,1800030695580,,,
elec,1015683321429,,,
elec,2000001779312,,,
elec,2372160805813,,,
elec,1900007259327,,,
elec,1900035087474,,,
elec,2200030115880,,,
elec,2000004824925,,,
elec,1100013355089,,,
elec,1900039116640,,,
elec,2000018652911,,,
elec,1900005088573,,,
elec,2000057244090,,,
elec,2000001703387,,,
elec,1200029647303,,,
elec,1200029647298,,,
elec,1200029647289,,,
elec,1800032694677,,,
elec,2000000474927,,,
elec,1419281751003,,,
elec,2200014163030,,,
elec,1100023447791,,,
elec,1200028988594,,,
elec,2000000726602,,,
elec,2000027315457,,,
elec,2000006970362,,,
elec,2000005829710,,,
elec,2000005706239,,,
elec,2000005706210,,,
elec,2000005706140,,,
elec,2000005704046,,,
elec,2000005702590,,,
elec,2000027297728,,,
elec,2300001121442,,,
elec,2000001834442,,,
elec,1012853230769,,,
elec,2000002733461,,,
elec,2200014895203,,,
elec,2000053717068,,,
elec,2000002187724,,,
elec,2000003743007,,,
elec,2000057449862,,,
elec,1013029436064,,,
elec,2000003742582,,,
elec,2200014894803,,,
elec,2000051769862,,,
elec,2000002080634,,,
elec,2000057563394,,,
elec,1900010391727,,,
elec,2000002137690,,,
elec,1416587121007,,,
elec,2000001014826,,,
elec,1015685358077,,,
elec,2000003114968,,,
elec,1200041752609,,,
elec,1900008253024,,,
elec,2000002154161,,,
elec,1012853238581,,,
elec,1012853238581,,,
gas,,,3373413702,
gas,,,61699101,
gas,,,2178240206,
gas,,,3359086103,
gas,,,69784503,
gas,,,69784402,
gas,,,1451094703,
gas,,,508044209,
gas,,,2177874501,
gas,,,58376207,
gas,,,9296642809,
gas,,,64711708,
gas,,,1451097406,
gas,,,8842386700,
gas,,,9322483905,
gas,,,3330582405,
gas,,,8816788408,
gas,,,9104232504,
gas,,,8875719308,
gas,,,3357867806,
gas,,,203204506,
gas,,,5002584407,
gas,,,2170803801,
gas,,,508044108,
gas,,,1455580205,
gas,,,75324106,
gas,,,8868049208,
gas,,,2168597904,
gas,,,76479410,
gas,,,2423239310,
gas,,,2440077700,
gas,,,46103301,
gas,,,9220132308,
gas,,,2178890908,
gas,,,9306160305,
gas,,,58371006,
gas,,,8898538208,
gas,,,2177874905,
gas,,,78552808,
gas,,,922008204,
gas,,,2440066908,
gas,,,202548904,
gas,,,9319780402,
gas,,,2178423102,
gas,,,8824893704,
gas,,,3391358105,
gas,,,9113107502,
gas,,,3290977503,
gas,,,9319333601,
gas,,,8917309404,
gas,,,3241372802,
gas,,,2565236301,
gas,,,2178334002,
gas,,,2178333909,
gas,,,1451101303,
gas,,,3258786209,
gas,,,8871887702,
gas,,,1815071109,
gas,,,3345483401,
gas,,,9295879005,
gas,,,55311309,
gas,,,8853958809,
gas,,,9089265205,
gas,,,3286445606,
gas,,,8834723303,
gas,,,8893371307,
gas,,,8871888109,
gas,,,60768010,
gas,,,60316603,
gas,,,3335238202,
gas,,,648247906,
gas,,,3346001900,
gas,,,60364008,
gas,,,5026811503,
gas,,,3369250904,
gas,,,13275409,
gas,,,3355264810,
gas,,,9095441510,
gas,,,2187397802,
gas,,,928725409,
gas,,,577442506,
gas,,,569387102,
gas,,,569386302,
gas,,,58690505,
gas,,,11170508,
gas,,,8910074210,
gas,,,8854894410,
gas,,,5088598801,
gas,,,58380804,
gas,,,3369150305,
gas,,,540546700,
gas,,,2178120409,
gas,,,8896776506,
gas,,,545318903,
gas,,,2004998153,
gas,,,82539904,
gas,,,67568004,
gas,,,3390874208,
gas,,,930570304,
gas,,,19098500,
gas,,,3407967405,
gas,,,3233863107,
gas,,,507972605,
gas,,,3330600605,
gas,,,928566404,
gas,,,3983661905,
gas,,,3379055508,
gas,,,3369385400,
gas,,,8900892205,
gas,,,605521007,
gas,,,3287149405,
gas,,,9145172003,
gas,,,2178265009,
gas,,,8817298205,
gas,,,2080936303,
gas,,,8816254101,
gas,,,3357795010,
gas,,,2505087801,
gas,,,2177600901,
gas,,,2435489810,
gas,,,4032201509,
gas,,,3288364504,
gas,,,58257603,
gas,,,76718806,
gas,,,8856611707,
gas,,,5090623301,
gas,,,8889566010,
gas,,,568069509,
gas,,,8819745102,
gas,,,8813536410,
gas,,,2486726508,
gas,,,3302265710,
gas,,,2792344007,
gas,,,17471609,
gas,,,3294723806,
gas,,,2245426205,
gas,,,2701273904,
gas,,,8814065806,
gas,,,3249010202,
gas,,,5799302,
gas,,,3319915103,
gas,,,9137100004,
gas,,,3936466510,
gas,,,2488209206,
gas,,,2069860509,
gas,,,2069860307,
gas,,,3345484908,
gas,,,9321930102,
gas,,,9209585503,
gas,,,9133140501,
gas,,,3352186206,
gas,,,2168299110,
gas,,,3345485910,
gas,,,7675376405,
gas,,,8910296307,
gas,,,45277004,
gas,,,565273504,
gas,,,8813010304,
gas,,,9113557803,
gas,,,2202420310,
gas,,,9190407806,
gas,,,9150714106,
gas,,,3315757809,
gas,,,2974712000,
gas,,,9338341203,
gas,,,8878361003,
gas,,,636855408,
gas,,,49405501,
gas,,,2208566100,
gas,,,8821588302,
gas,,,2177880608,
gas,,,9150024709,
gas,,,639307201,
gas,,,7677184810,
gas,,,80684701,
gas,,,9191362703,
gas,,,4206896801,
gas,,,9089968408,
gas,,,9220398706,
gas,,,8867411508,
gas,,,68264606,
gas,,,8859175201,
gas,,,548025106,
gas,,,554779503,
gas,,,3334890010,
gas,,,9168434203,
gas,,,2159424108,
gas,,,2178801209,
gas,,,3300247204,
gas,,,16274703,
gas,,,3391484110,
gas,,,3918849906,
gas,,,60259303,
gas,,,3346832607,
gas,,,2248093410,
gas,,,2208738709,
gas,,,4021367207,
gas,,,3335581204,
gas,,,669015902,
gas,,,3357933310,
gas,,,2956861004,
gas,,,69827910,
gas,,,2175225700,
gas,,,3368118405,
gas,,,2196961301,
gas,,,558589002,
gas,,,65667602,
gas,,,202464505,
gas,,,8930106703,
gas,,,2449126205,
gas,,,3227338809,
gas,,,577896007,
gas,,,1903965108,
gas,,,8824287000,
gas,,,3388135406,
gas,,,3356343710,
gas,,,9087120707,
gas,,,10650506,
gas,,,9152288002,
gas,,,63362603,
gas,,,3367675107,
gas,,,550977206,
gas,,,60642908,
gas,,,2420992900,
gas,,,2097256704,
gas,,,700920901,
gas,,,3366061201,
gas,,,3389337401,
gas,,,3389136604,
gas,,,9149105603,
gas,,,3386827100,
gas,,,60967903,
gas,,,63144301,
gas,,,685262608,
gas,,,9305690801,
gas,,,3239640106,
gas,,,8897396108,
gas,,,3297148308,
gas,,,608345601,
gas,,,2958005802,
gas,,,3346069800,
gas,,,2103555904,
gas,,,538919007,
gas,,,65971908,
gas,,,64359204,
gas,,,2178284002,
gas,,,8814641906,
gas,,,7435763710,
gas,,,5036263201,
gas,,,5005539608,
gas,,,3258557104,
gas,,,3258370705,
gas,,,3258370009,
gas,,,3234003903,
gas,,,3053092607,
gas,,,2218077910,
gas,,,5032133302,
gas,,,4012693208,
gas,,,16784906,
gas,,,9143972609,
gas,,,9219722504,
gas,,,9339499109,
gas,,,9339499008,
gas,,,929416008,
gas,,,3329884001,
gas,,,3304261510,
gas,,,9331242502,
gas,,,9325917703,
gas,,,9316426604,
gas,,,9299604603,
gas,,,9135417102,
gas,,,8863378101,
gas,,,7644297004,
gas,,,82364704,
gas,,,80648506,
gas,,,77569102,
gas,,,68656702,
gas,,,51322002,
gas,,,51273902,
gas,,,51058909,
gas,,,47322801,
gas,,,12069704,
gas,,,8006210,
gas,,,8005803,
gas,,,7831405,
gas,,,7711204,
gas,,,7711103,
gas,,,3368864800,
gas,,,3238603409,
gas,,,3048255303,
gas,,,8855636505,
gas,,,9213401700,
gas,,,7477643802,
gas,,,7439758300,
gas,,,7439754000,
gas,,,7439753907,
gas,,,7435766402,
gas,,,7435764600,
gas,,,7419498310,
gas,,,3256835208,
gas,,,3371328106,
gas,,,4264935407,
gas,,,8818817601,
gas,,,67560403,
gas,,,9091548901,
gas,,,9314995308,
gas,,,3375109709,
gas,,,4154927103,
gas,,,9220619202,
gas,,,9151138505,
gas,,,8815632708,
gas,,,3926766505,
gas,,,2438116707,
gas,,,8816241900,
gas,,,80349103,
gas,,,3382494101,
gas,,,48113808,
gas,,,3378481610,
gas,,,3357001810,
gas,,,3319216301,
gas,,,3324072609,
gas,,,5044666601,
gas,,,3368315205,
gas,,,3370897006,
gas,,,3346962609,
gas,,,2979277202,
gas,,,9334626008,
gas,,,76429002,
gas,,,71296410,
gas,,,60498703,
gas,,,20692809,
gas,,,2280705,
gas,,,2280604,
gas,,,2280402,
gas,,,2280301,
gas,,,50408,
gas,,,50307,
gas,,,76429204,
gas,,,1547689407,
gas,,,9145350102,
gas,,,82216610,
gas,,,9101087102,
gas,,,202726509,
gas,,,2126717404,
gas,,,576312409,
gas,,,9365460910,
gas,,,3342995110,
gas,,,3290252301,
gas,,,72068806,
gas,,,3307688203,
gas,,,9326628701,
gas,,,4035902802,
gas,,,3372012701,
gas,,,3358664909,
gas,,,3350405002,
gas,,,9334559210,
gas,,,8827466700,
gas,,,3361860610,
gas,,,3379981400,
gas,,,5064041000,
gas,,,2493268102,
gas,,,8870567106,
